selector,classifier,replication_mode,fold,n_train,n_test,n_test_fails,n_selected_features,BER,True+,True-,threshold_oof_global,alpha,gamma,C,n_neighbors
S2N,krr,strict,1,1410,157,10,40,0.25646258503401365,0.8,0.6870748299319728,-0.08437325172980419,10.0,0.1,,
S2N,krr,strict,2,1410,157,10,40,0.3302721088435374,0.7,0.6394557823129252,-0.08437325172980419,10.0,0.1,,
S2N,krr,strict,3,1410,157,10,40,0.31666666666666665,0.7,0.6666666666666666,-0.08437325172980419,10.0,0.1,,
S2N,krr,strict,4,1410,157,11,40,0.3212951432129514,0.7272727272727273,0.6301369863013698,-0.08437325172980419,10.0,0.1,,
S2N,krr,strict,5,1410,157,11,40,0.33250311332503113,0.6363636363636364,0.6986301369863014,-0.08437325172980419,10.0,0.1,,
S2N,krr,strict,6,1410,157,11,40,0.26992528019925277,0.7272727272727273,0.7328767123287672,-0.08437325172980419,10.0,0.1,,
S2N,krr,strict,7,1410,157,11,40,0.3907222914072229,0.6363636363636364,0.5821917808219178,-0.08437325172980419,10.0,0.1,,
S2N,krr,strict,8,1411,156,10,40,0.40410958904109595,0.5,0.6917808219178082,-0.08437325172980419,10.0,0.1,,
S2N,krr,strict,9,1411,156,10,40,0.33835616438356164,0.7,0.6232876712328768,-0.08437325172980419,10.0,0.1,,
S2N,krr,strict,10,1411,156,10,40,0.24726027397260264,0.8,0.7054794520547946,-0.08437325172980419,10.0,0.1,,
S2N,krr,with_missing_indicators,1,1410,157,10,40,0.258843537414966,0.7,0.782312925170068,-0.06952740606179804,10.0,0.1,,
S2N,krr,with_missing_indicators,2,1410,157,10,40,0.35306122448979593,0.6,0.6938775510204082,-0.06952740606179804,10.0,0.1,,
S2N,krr,with_missing_indicators,3,1410,157,10,40,0.3064625850340137,0.7,0.6870748299319728,-0.06952740606179804,10.0,0.1,,
S2N,krr,with_missing_indicators,4,1410,157,11,40,0.2630759651307597,0.7272727272727273,0.7465753424657534,-0.06952740606179804,10.0,0.1,,
S2N,krr,with_missing_indicators,5,1410,157,11,40,0.3676836861768369,0.5454545454545454,0.7191780821917808,-0.06952740606179804,10.0,0.1,,
S2N,krr,with_missing_indicators,6,1410,157,11,40,0.2630759651307597,0.7272727272727273,0.7465753424657534,-0.06952740606179804,10.0,0.1,,
S2N,krr,with_missing_indicators,7,1410,157,11,40,0.3212951432129514,0.7272727272727273,0.6301369863013698,-0.06952740606179804,10.0,0.1,,
S2N,krr,with_missing_indicators,8,1411,156,10,40,0.3541095890410959,0.6,0.6917808219178082,-0.06952740606179804,10.0,0.1,,
S2N,krr,with_missing_indicators,9,1411,156,10,40,0.3541095890410959,0.6,0.6917808219178082,-0.06952740606179804,10.0,0.1,,
S2N,krr,with_missing_indicators,10,1411,156,10,40,0.23698630136986298,0.8,0.726027397260274,-0.06952740606179804,10.0,0.1,,
Welch-t,krr,strict,1,1410,157,10,40,0.23945578231292508,0.8,0.7210884353741497,-0.18798917342995142,1.0,,,
Welch-t,krr,strict,2,1410,157,10,40,0.34625850340136055,0.6,0.7074829931972789,-0.18798917342995142,1.0,,,
Welch-t,krr,strict,3,1410,157,10,40,0.28265306122448974,0.7,0.7346938775510204,-0.18798917342995142,1.0,,,
Welch-t,krr,strict,4,1410,157,11,40,0.26992528019925277,0.7272727272727273,0.7328767123287672,-0.18798917342995142,1.0,,,
Welch-t,krr,strict,5,1410,157,11,40,0.37453300124533007,0.5454545454545454,0.7054794520547946,-0.18798917342995142,1.0,,,
Welch-t,krr,strict,6,1410,157,11,40,0.32658779576587804,0.5454545454545454,0.8013698630136986,-0.18798917342995142,1.0,,,
Welch-t,krr,strict,7,1410,157,11,40,0.3188044831880448,0.6363636363636364,0.726027397260274,-0.18798917342995142,1.0,,,
Welch-t,krr,strict,8,1411,156,10,40,0.3972602739726028,0.5,0.7054794520547946,-0.18798917342995142,1.0,,,
Welch-t,krr,strict,9,1411,156,10,40,0.34041095890410955,0.6,0.7191780821917808,-0.18798917342995142,1.0,,,
Welch-t,krr,strict,10,1411,156,10,40,0.25616438356164384,0.7,0.7876712328767124,-0.18798917342995142,1.0,,,
Welch-t,krr,with_missing_indicators,1,1410,157,10,40,0.15646258503401356,1.0,0.6870748299319728,0.002797966723064871,10.0,,,
Welch-t,krr,with_missing_indicators,2,1410,157,10,40,0.2030612244897959,0.9,0.6938775510204082,0.002797966723064871,10.0,,,
Welch-t,krr,with_missing_indicators,3,1410,157,10,40,0.263265306122449,0.8,0.673469387755102,0.002797966723064871,10.0,,,
Welch-t,krr,with_missing_indicators,4,1410,157,11,40,0.3085305105853051,0.6363636363636364,0.7465753424657534,0.002797966723064871,10.0,,,
Welch-t,krr,with_missing_indicators,5,1410,157,11,40,0.3119551681195517,0.6363636363636364,0.7397260273972602,0.002797966723064871,10.0,,,
Welch-t,krr,with_missing_indicators,6,1410,157,11,40,0.2665006226650062,0.7272727272727273,0.7397260273972602,0.002797966723064871,10.0,,,
Welch-t,krr,with_missing_indicators,7,1410,157,11,40,0.42683686176836866,0.45454545454545453,0.6917808219178082,0.002797966723064871,10.0,,,
Welch-t,krr,with_missing_indicators,8,1411,156,10,40,0.46438356164383565,0.4,0.6712328767123288,0.002797966723064871,10.0,,,
Welch-t,krr,with_missing_indicators,9,1411,156,10,40,0.3301369863013699,0.6,0.7397260273972602,0.002797966723064871,10.0,,,
Welch-t,krr,with_missing_indicators,10,1411,156,10,40,0.18698630136986294,0.9,0.726027397260274,0.002797966723064871,10.0,,,
F-test,krr,strict,1,1410,157,10,40,0.17006802721088432,1.0,0.6598639455782312,-0.21159243730759902,10.0,0.1,,
F-test,krr,strict,2,1410,157,10,40,0.2438775510204081,0.9,0.6122448979591837,-0.21159243730759902,10.0,0.1,,
F-test,krr,strict,3,1410,157,10,40,0.2768707482993197,0.8,0.6462585034013606,-0.21159243730759902,10.0,0.1,,
F-test,krr,strict,4,1410,157,11,40,0.28268991282689915,0.8181818181818182,0.6164383561643836,-0.21159243730759902,10.0,0.1,,
F-test,krr,strict,5,1410,157,11,40,0.3452677459526774,0.7272727272727273,0.5821917808219178,-0.21159243730759902,10.0,0.1,,
F-test,krr,strict,6,1410,157,11,40,0.2201120797011208,0.9090909090909091,0.6506849315068494,-0.21159243730759902,10.0,0.1,,
F-test,krr,strict,7,1410,157,11,40,0.31008717310087164,0.8181818181818182,0.5616438356164384,-0.21159243730759902,10.0,0.1,,
F-test,krr,strict,8,1411,156,10,40,0.42808219178082196,0.5,0.6438356164383562,-0.21159243730759902,10.0,0.1,,
F-test,krr,strict,9,1411,156,10,40,0.36917808219178083,0.7,0.5616438356164384,-0.21159243730759902,10.0,0.1,,
F-test,krr,strict,10,1411,156,10,40,0.24520547945205484,0.9,0.6095890410958904,-0.21159243730759902,10.0,0.1,,
F-test,krr,with_missing_indicators,1,1410,157,10,40,0.12925170068027203,1.0,0.7414965986394558,-0.09266566945701946,10.0,,,
F-test,krr,with_missing_indicators,2,1410,157,10,40,0.2370748299319727,0.9,0.6258503401360545,-0.09266566945701946,10.0,,,
F-test,krr,with_missing_indicators,3,1410,157,10,40,0.33945578231292517,0.6,0.7210884353741497,-0.09266566945701946,10.0,,,
F-test,krr,with_missing_indicators,4,1410,157,11,40,0.2562266500622665,0.7272727272727273,0.7602739726027398,-0.09266566945701946,10.0,,,
F-test,krr,with_missing_indicators,5,1410,157,11,40,0.27677459526774595,0.7272727272727273,0.7191780821917808,-0.09266566945701946,10.0,,,
F-test,krr,with_missing_indicators,6,1410,157,11,40,0.28019925280199254,0.7272727272727273,0.7123287671232876,-0.09266566945701946,10.0,,,
F-test,krr,with_missing_indicators,7,1410,157,11,40,0.3359277708592777,0.6363636363636364,0.6917808219178082,-0.09266566945701946,10.0,,,
F-test,krr,with_missing_indicators,8,1411,156,10,40,0.40753424657534243,0.5,0.684931506849315,-0.09266566945701946,10.0,,,
F-test,krr,with_missing_indicators,9,1411,156,10,40,0.3212328767123288,0.7,0.6575342465753424,-0.09266566945701946,10.0,,,
F-test,krr,with_missing_indicators,10,1411,156,10,40,0.34041095890410955,0.6,0.7191780821917808,-0.09266566945701946,10.0,,,
Pearson,krr,strict,1,1410,157,10,40,0.17006802721088432,1.0,0.6598639455782312,-0.21159243730759902,10.0,0.1,,
Pearson,krr,strict,2,1410,157,10,40,0.2438775510204081,0.9,0.6122448979591837,-0.21159243730759902,10.0,0.1,,
Pearson,krr,strict,3,1410,157,10,40,0.2768707482993197,0.8,0.6462585034013606,-0.21159243730759902,10.0,0.1,,
Pearson,krr,strict,4,1410,157,11,40,0.28268991282689915,0.8181818181818182,0.6164383561643836,-0.21159243730759902,10.0,0.1,,
Pearson,krr,strict,5,1410,157,11,40,0.3452677459526774,0.7272727272727273,0.5821917808219178,-0.21159243730759902,10.0,0.1,,
Pearson,krr,strict,6,1410,157,11,40,0.2201120797011208,0.9090909090909091,0.6506849315068494,-0.21159243730759902,10.0,0.1,,
Pearson,krr,strict,7,1410,157,11,40,0.31008717310087164,0.8181818181818182,0.5616438356164384,-0.21159243730759902,10.0,0.1,,
Pearson,krr,strict,8,1411,156,10,40,0.42808219178082196,0.5,0.6438356164383562,-0.21159243730759902,10.0,0.1,,
Pearson,krr,strict,9,1411,156,10,40,0.36917808219178083,0.7,0.5616438356164384,-0.21159243730759902,10.0,0.1,,
Pearson,krr,strict,10,1411,156,10,40,0.24520547945205484,0.9,0.6095890410958904,-0.21159243730759902,10.0,0.1,,
Pearson,krr,with_missing_indicators,1,1410,157,10,40,0.12925170068027203,1.0,0.7414965986394558,-0.09266566945701946,10.0,,,
Pearson,krr,with_missing_indicators,2,1410,157,10,40,0.2370748299319727,0.9,0.6258503401360545,-0.09266566945701946,10.0,,,
Pearson,krr,with_missing_indicators,3,1410,157,10,40,0.33945578231292517,0.6,0.7210884353741497,-0.09266566945701946,10.0,,,
Pearson,krr,with_missing_indicators,4,1410,157,11,40,0.2562266500622665,0.7272727272727273,0.7602739726027398,-0.09266566945701946,10.0,,,
Pearson,krr,with_missing_indicators,5,1410,157,11,40,0.27677459526774595,0.7272727272727273,0.7191780821917808,-0.09266566945701946,10.0,,,
Pearson,krr,with_missing_indicators,6,1410,157,11,40,0.28019925280199254,0.7272727272727273,0.7123287671232876,-0.09266566945701946,10.0,,,
Pearson,krr,with_missing_indicators,7,1410,157,11,40,0.3359277708592777,0.6363636363636364,0.6917808219178082,-0.09266566945701946,10.0,,,
Pearson,krr,with_missing_indicators,8,1411,156,10,40,0.40753424657534243,0.5,0.684931506849315,-0.09266566945701946,10.0,,,
Pearson,krr,with_missing_indicators,9,1411,156,10,40,0.3212328767123288,0.7,0.6575342465753424,-0.09266566945701946,10.0,,,
Pearson,krr,with_missing_indicators,10,1411,156,10,40,0.34041095890410955,0.6,0.7191780821917808,-0.09266566945701946,10.0,,,
ReliefF,krr,strict,1,1410,157,10,40,0.18265306122448977,0.9,0.7346938775510204,-0.22763472946167979,1.0,0.01,,10.0
ReliefF,krr,strict,2,1410,157,10,40,0.363265306122449,0.6,0.673469387755102,-0.22763472946167979,1.0,0.01,,10.0
ReliefF,krr,strict,3,1410,157,10,40,0.22006802721088436,0.9,0.6598639455782312,-0.22763472946167979,1.0,0.01,,10.0
ReliefF,krr,strict,4,1410,157,11,40,0.19707347447073476,0.8181818181818182,0.7876712328767124,-0.22763472946167979,1.0,0.01,,10.0
ReliefF,krr,strict,5,1410,157,11,40,0.3393524283935243,0.6363636363636364,0.684931506849315,-0.22763472946167979,1.0,0.01,,10.0
ReliefF,krr,strict,6,1410,157,11,40,0.2562266500622665,0.7272727272727273,0.7602739726027398,-0.22763472946167979,1.0,0.01,,10.0
ReliefF,krr,strict,7,1410,157,11,40,0.3916562889165629,0.5454545454545454,0.6712328767123288,-0.22763472946167979,1.0,0.01,,10.0
ReliefF,krr,strict,8,1411,156,10,40,0.27671232876712337,0.7,0.7465753424657534,-0.22763472946167979,1.0,0.01,,10.0
ReliefF,krr,strict,9,1411,156,10,40,0.2904109589041096,0.7,0.7191780821917808,-0.22763472946167979,1.0,0.01,,10.0
ReliefF,krr,strict,10,1411,156,10,40,0.27328767123287667,0.7,0.7534246575342466,-0.22763472946167979,1.0,0.01,,10.0
ReliefF,krr,with_missing_indicators,1,1410,157,10,40,0.19285714285714284,0.9,0.7142857142857143,-0.06518485693134643,10.0,0.01,,10.0
ReliefF,krr,with_missing_indicators,2,1410,157,10,40,0.3064625850340137,0.7,0.6870748299319728,-0.06518485693134643,10.0,0.01,,10.0
ReliefF,krr,with_missing_indicators,3,1410,157,10,40,0.2666666666666666,0.8,0.6666666666666666,-0.06518485693134643,10.0,0.01,,10.0
ReliefF,krr,with_missing_indicators,4,1410,157,11,40,0.29825653798256546,0.6363636363636364,0.7671232876712328,-0.06518485693134643,10.0,0.01,,10.0
ReliefF,krr,with_missing_indicators,5,1410,157,11,40,0.2938978829389789,0.7272727272727273,0.684931506849315,-0.06518485693134643,10.0,0.01,,10.0
ReliefF,krr,with_missing_indicators,6,1410,157,11,40,0.25280199252801994,0.7272727272727273,0.7671232876712328,-0.06518485693134643,10.0,0.01,,10.0
ReliefF,krr,with_missing_indicators,7,1410,157,11,40,0.43026151930261525,0.45454545454545453,0.684931506849315,-0.06518485693134643,10.0,0.01,,10.0
ReliefF,krr,with_missing_indicators,8,1411,156,10,40,0.34041095890410955,0.6,0.7191780821917808,-0.06518485693134643,10.0,0.01,,10.0
ReliefF,krr,with_missing_indicators,9,1411,156,10,40,0.3198630136986301,0.6,0.7602739726027398,-0.06518485693134643,10.0,0.01,,10.0
ReliefF,krr,with_missing_indicators,10,1411,156,10,40,0.18698630136986294,0.9,0.726027397260274,-0.06518485693134643,10.0,0.01,,10.0
Gram-Schmidt,krr,strict,1,1410,157,10,40,0.24863945578231295,0.7,0.8027210884353742,-0.024743675230447945,10.0,0.01,,
Gram-Schmidt,krr,strict,2,1410,157,10,40,0.2986394557823129,0.6,0.8027210884353742,-0.024743675230447945,10.0,0.01,,
Gram-Schmidt,krr,strict,3,1410,157,10,40,0.2656462585034014,0.7,0.7687074829931972,-0.024743675230447945,10.0,0.01,,
Gram-Schmidt,krr,strict,4,1410,157,11,40,0.3060398505603985,0.5454545454545454,0.8424657534246576,-0.024743675230447945,10.0,0.01,,
Gram-Schmidt,krr,strict,5,1410,157,11,40,0.3334371108343711,0.5454545454545454,0.7876712328767124,-0.024743675230447945,10.0,0.01,,
Gram-Schmidt,krr,strict,6,1410,157,11,40,0.44925280199252804,0.2727272727272727,0.8287671232876712,-0.024743675230447945,10.0,0.01,,
Gram-Schmidt,krr,strict,7,1410,157,11,40,0.3891656288916563,0.45454545454545453,0.7671232876712328,-0.024743675230447945,10.0,0.01,,
Gram-Schmidt,krr,strict,8,1411,156,10,40,0.46301369863013697,0.3,0.773972602739726,-0.024743675230447945,10.0,0.01,,
Gram-Schmidt,krr,strict,9,1411,156,10,40,0.263013698630137,0.7,0.773972602739726,-0.024743675230447945,10.0,0.01,,
Gram-Schmidt,krr,strict,10,1411,156,10,40,0.2993150684931507,0.6,0.8013698630136986,-0.024743675230447945,10.0,0.01,,
Gram-Schmidt,krr,with_missing_indicators,1,1410,157,10,40,0.25646258503401365,0.8,0.6870748299319728,-0.40001166815861966,1.0,,,
Gram-Schmidt,krr,with_missing_indicators,2,1410,157,10,40,0.2598639455782312,0.8,0.6802721088435374,-0.40001166815861966,1.0,,,
Gram-Schmidt,krr,with_missing_indicators,3,1410,157,10,40,0.32006802721088445,0.7,0.6598639455782312,-0.40001166815861966,1.0,,,
Gram-Schmidt,krr,with_missing_indicators,4,1410,157,11,40,0.3222291407222915,0.6363636363636364,0.7191780821917808,-0.40001166815861966,1.0,,,
Gram-Schmidt,krr,with_missing_indicators,5,1410,157,11,40,0.25529265255292644,0.8181818181818182,0.6712328767123288,-0.40001166815861966,1.0,,,
Gram-Schmidt,krr,with_missing_indicators,6,1410,157,11,40,0.35647571606475714,0.6363636363636364,0.6506849315068494,-0.40001166815861966,1.0,,,
Gram-Schmidt,krr,with_missing_indicators,7,1410,157,11,40,0.38138231631382324,0.5454545454545454,0.6917808219178082,-0.40001166815861966,1.0,,,
Gram-Schmidt,krr,with_missing_indicators,8,1411,156,10,40,0.4472602739726027,0.4,0.7054794520547946,-0.40001166815861966,1.0,,,
Gram-Schmidt,krr,with_missing_indicators,9,1411,156,10,40,0.27808219178082183,0.8,0.6438356164383562,-0.40001166815861966,1.0,,,
Gram-Schmidt,krr,with_missing_indicators,10,1411,156,10,40,0.30753424657534256,0.7,0.684931506849315,-0.40001166815861966,1.0,,,
S2N,logreg,strict,1,1410,157,10,40,0.22925170068027212,0.8,0.7414965986394558,0.47072904872500476,,,10.0,
S2N,logreg,strict,2,1410,157,10,40,0.263265306122449,0.8,0.673469387755102,0.47072904872500476,,,10.0,
S2N,logreg,strict,3,1410,157,10,40,0.3326530612244898,0.6,0.7346938775510204,0.47072904872500476,,,10.0,
S2N,logreg,strict,4,1410,157,11,40,0.4654420921544209,0.36363636363636365,0.7054794520547946,0.47072904872500476,,,10.0,
S2N,logreg,strict,5,1410,157,11,40,0.2141967621419676,0.8181818181818182,0.7534246575342466,0.47072904872500476,,,10.0,
S2N,logreg,strict,6,1410,157,11,40,0.30510585305105853,0.6363636363636364,0.7534246575342466,0.47072904872500476,,,10.0,
S2N,logreg,strict,7,1410,157,11,40,0.3848069738480697,0.5454545454545454,0.684931506849315,0.47072904872500476,,,10.0,
S2N,logreg,strict,8,1411,156,10,40,0.5335616438356164,0.2,0.7328767123287672,0.47072904872500476,,,10.0,
S2N,logreg,strict,9,1411,156,10,40,0.3280821917808219,0.7,0.6438356164383562,0.47072904872500476,,,10.0,
S2N,logreg,strict,10,1411,156,10,40,0.34726027397260273,0.6,0.7054794520547946,0.47072904872500476,,,10.0,
S2N,logreg,with_missing_indicators,1,1410,157,10,40,0.22108843537414968,1.0,0.5578231292517006,0.40416100359229173,,,0.01,
S2N,logreg,with_missing_indicators,2,1410,157,10,40,0.39489795918367343,0.7,0.5102040816326531,0.40416100359229173,,,0.01,
S2N,logreg,with_missing_indicators,3,1410,157,10,40,0.35850340136054415,0.8,0.48299319727891155,0.40416100359229173,,,0.01,
S2N,logreg,with_missing_indicators,4,1410,157,11,40,0.27926525529265245,0.8181818181818182,0.6232876712328768,0.40416100359229173,,,0.01,
S2N,logreg,with_missing_indicators,5,1410,157,11,40,0.4259028642590287,0.5454545454545454,0.6027397260273972,0.40416100359229173,,,0.01,
S2N,logreg,with_missing_indicators,6,1410,157,11,40,0.299813200498132,0.8181818181818182,0.5821917808219178,0.40416100359229173,,,0.01,
S2N,logreg,with_missing_indicators,7,1410,157,11,40,0.4181195516811955,0.6363636363636364,0.5273972602739726,0.40416100359229173,,,0.01,
S2N,logreg,with_missing_indicators,8,1411,156,10,40,0.3726027397260274,0.7,0.5547945205479452,0.40416100359229173,,,0.01,
S2N,logreg,with_missing_indicators,9,1411,156,10,40,0.3726027397260274,0.7,0.5547945205479452,0.40416100359229173,,,0.01,
S2N,logreg,with_missing_indicators,10,1411,156,10,40,0.3226027397260274,0.8,0.5547945205479452,0.40416100359229173,,,0.01,
Welch-t,logreg,strict,1,1410,157,10,40,0.18843537414965983,0.8,0.8231292517006803,0.5983602507344885,,,1.0,
Welch-t,logreg,strict,2,1410,157,10,40,0.319047619047619,0.6,0.7619047619047619,0.5983602507344885,,,1.0,
Welch-t,logreg,strict,3,1410,157,10,40,0.40544217687074835,0.4,0.7891156462585034,0.5983602507344885,,,1.0,
Welch-t,logreg,strict,4,1410,157,11,40,0.2503113325031133,0.6363636363636364,0.863013698630137,0.5983602507344885,,,1.0,
Welch-t,logreg,strict,5,1410,157,11,40,0.3128891656288917,0.5454545454545454,0.8287671232876712,0.5983602507344885,,,1.0,
Welch-t,logreg,strict,6,1410,157,11,40,0.39352428393524286,0.36363636363636365,0.8493150684931506,0.5983602507344885,,,1.0,
Welch-t,logreg,strict,7,1410,157,11,40,0.3788916562889165,0.45454545454545453,0.7876712328767124,0.5983602507344885,,,1.0,
Welch-t,logreg,strict,8,1411,156,10,40,0.5356164383561643,0.1,0.8287671232876712,0.5983602507344885,,,1.0,
Welch-t,logreg,strict,9,1411,156,10,40,0.3027397260273973,0.6,0.7945205479452054,0.5983602507344885,,,1.0,
Welch-t,logreg,strict,10,1411,156,10,40,0.34246575342465757,0.5,0.815068493150685,0.5983602507344885,,,1.0,
Welch-t,logreg,with_missing_indicators,1,1410,157,10,40,0.19625850340136053,0.9,0.7074829931972789,0.505959615724288,,,0.01,
Welch-t,logreg,with_missing_indicators,2,1410,157,10,40,0.2030612244897959,0.9,0.6938775510204082,0.505959615724288,,,0.01,
Welch-t,logreg,with_missing_indicators,3,1410,157,10,40,0.30986394557823127,0.7,0.6802721088435374,0.505959615724288,,,0.01,
Welch-t,logreg,with_missing_indicators,4,1410,157,11,40,0.30168119551681194,0.6363636363636364,0.7602739726027398,0.505959615724288,,,0.01,
Welch-t,logreg,with_missing_indicators,5,1410,157,11,40,0.3119551681195517,0.6363636363636364,0.7397260273972602,0.505959615724288,,,0.01,
Welch-t,logreg,with_missing_indicators,6,1410,157,11,40,0.2665006226650062,0.7272727272727273,0.7397260273972602,0.505959615724288,,,0.01,
Welch-t,logreg,with_missing_indicators,7,1410,157,11,40,0.38138231631382324,0.5454545454545454,0.6917808219178082,0.505959615724288,,,0.01,
Welch-t,logreg,with_missing_indicators,8,1411,156,10,40,0.4575342465753425,0.4,0.684931506849315,0.505959615724288,,,0.01,
Welch-t,logreg,with_missing_indicators,9,1411,156,10,40,0.38013698630136994,0.5,0.7397260273972602,0.505959615724288,,,0.01,
Welch-t,logreg,with_missing_indicators,10,1411,156,10,40,0.18356164383561646,0.9,0.7328767123287672,0.505959615724288,,,0.01,
F-test,logreg,strict,1,1410,157,10,40,0.16224489795918373,0.9,0.7755102040816326,0.48133778049274895,,,0.01,
F-test,logreg,strict,2,1410,157,10,40,0.24625850340136046,0.8,0.7074829931972789,0.48133778049274895,,,0.01,
F-test,logreg,strict,3,1410,157,10,40,0.34285714285714286,0.6,0.7142857142857143,0.48133778049274895,,,0.01,
F-test,logreg,strict,4,1410,157,11,40,0.2630759651307597,0.7272727272727273,0.7465753424657534,0.48133778049274895,,,0.01,
F-test,logreg,strict,5,1410,157,11,40,0.32907845579078454,0.6363636363636364,0.7054794520547946,0.48133778049274895,,,0.01,
F-test,logreg,strict,6,1410,157,11,40,0.2914072229140723,0.6363636363636364,0.7808219178082192,0.48133778049274895,,,0.01,
F-test,logreg,strict,7,1410,157,11,40,0.33250311332503113,0.6363636363636364,0.6986301369863014,0.48133778049274895,,,0.01,
F-test,logreg,strict,8,1411,156,10,40,0.4506849315068493,0.4,0.6986301369863014,0.48133778049274895,,,0.01,
F-test,logreg,strict,9,1411,156,10,40,0.3609589041095891,0.6,0.678082191780822,0.48133778049274895,,,0.01,
F-test,logreg,strict,10,1411,156,10,40,0.34383561643835625,0.6,0.7123287671232876,0.48133778049274895,,,0.01,
F-test,logreg,with_missing_indicators,1,1410,157,10,40,0.2020408163265306,0.8,0.7959183673469388,0.5286968450647964,,,1.0,
F-test,logreg,with_missing_indicators,2,1410,157,10,40,0.23945578231292508,0.8,0.7210884353741497,0.5286968450647964,,,1.0,
F-test,logreg,with_missing_indicators,3,1410,157,10,40,0.3020408163265307,0.6,0.7959183673469388,0.5286968450647964,,,1.0,
F-test,logreg,with_missing_indicators,4,1410,157,11,40,0.3617683686176837,0.45454545454545453,0.821917808219178,0.5286968450647964,,,1.0,
F-test,logreg,with_missing_indicators,5,1410,157,11,40,0.24595267745952676,0.7272727272727273,0.7808219178082192,0.5286968450647964,,,1.0,
F-test,logreg,with_missing_indicators,6,1410,157,11,40,0.3128891656288917,0.5454545454545454,0.8287671232876712,0.5286968450647964,,,1.0,
F-test,logreg,with_missing_indicators,7,1410,157,11,40,0.3437110834371109,0.5454545454545454,0.7671232876712328,0.5286968450647964,,,1.0,
F-test,logreg,with_missing_indicators,8,1411,156,10,40,0.3958904109589041,0.4,0.8082191780821918,0.5286968450647964,,,1.0,
F-test,logreg,with_missing_indicators,9,1411,156,10,40,0.3335616438356164,0.6,0.7328767123287672,0.5286968450647964,,,1.0,
F-test,logreg,with_missing_indicators,10,1411,156,10,40,0.31643835616438354,0.6,0.7671232876712328,0.5286968450647964,,,1.0,
Pearson,logreg,strict,1,1410,157,10,40,0.16224489795918373,0.9,0.7755102040816326,0.48133778049274895,,,0.01,
Pearson,logreg,strict,2,1410,157,10,40,0.24625850340136046,0.8,0.7074829931972789,0.48133778049274895,,,0.01,
Pearson,logreg,strict,3,1410,157,10,40,0.34285714285714286,0.6,0.7142857142857143,0.48133778049274895,,,0.01,
Pearson,logreg,strict,4,1410,157,11,40,0.2630759651307597,0.7272727272727273,0.7465753424657534,0.48133778049274895,,,0.01,
Pearson,logreg,strict,5,1410,157,11,40,0.32907845579078454,0.6363636363636364,0.7054794520547946,0.48133778049274895,,,0.01,
Pearson,logreg,strict,6,1410,157,11,40,0.2914072229140723,0.6363636363636364,0.7808219178082192,0.48133778049274895,,,0.01,
Pearson,logreg,strict,7,1410,157,11,40,0.33250311332503113,0.6363636363636364,0.6986301369863014,0.48133778049274895,,,0.01,
Pearson,logreg,strict,8,1411,156,10,40,0.4506849315068493,0.4,0.6986301369863014,0.48133778049274895,,,0.01,
Pearson,logreg,strict,9,1411,156,10,40,0.3609589041095891,0.6,0.678082191780822,0.48133778049274895,,,0.01,
Pearson,logreg,strict,10,1411,156,10,40,0.34383561643835625,0.6,0.7123287671232876,0.48133778049274895,,,0.01,
Pearson,logreg,with_missing_indicators,1,1410,157,10,40,0.2020408163265306,0.8,0.7959183673469388,0.5286968450647964,,,1.0,
Pearson,logreg,with_missing_indicators,2,1410,157,10,40,0.23945578231292508,0.8,0.7210884353741497,0.5286968450647964,,,1.0,
Pearson,logreg,with_missing_indicators,3,1410,157,10,40,0.3020408163265307,0.6,0.7959183673469388,0.5286968450647964,,,1.0,
Pearson,logreg,with_missing_indicators,4,1410,157,11,40,0.3617683686176837,0.45454545454545453,0.821917808219178,0.5286968450647964,,,1.0,
Pearson,logreg,with_missing_indicators,5,1410,157,11,40,0.24595267745952676,0.7272727272727273,0.7808219178082192,0.5286968450647964,,,1.0,
Pearson,logreg,with_missing_indicators,6,1410,157,11,40,0.3128891656288917,0.5454545454545454,0.8287671232876712,0.5286968450647964,,,1.0,
Pearson,logreg,with_missing_indicators,7,1410,157,11,40,0.3437110834371109,0.5454545454545454,0.7671232876712328,0.5286968450647964,,,1.0,
Pearson,logreg,with_missing_indicators,8,1411,156,10,40,0.3958904109589041,0.4,0.8082191780821918,0.5286968450647964,,,1.0,
Pearson,logreg,with_missing_indicators,9,1411,156,10,40,0.3335616438356164,0.6,0.7328767123287672,0.5286968450647964,,,1.0,
Pearson,logreg,with_missing_indicators,10,1411,156,10,40,0.31643835616438354,0.6,0.7671232876712328,0.5286968450647964,,,1.0,
ReliefF,logreg,strict,1,1410,157,10,40,0.1802721088435374,1.0,0.6394557823129252,0.40631540693970053,,,0.1,10.0
ReliefF,logreg,strict,2,1410,157,10,40,0.273469387755102,0.8,0.6530612244897959,0.40631540693970053,,,0.1,10.0
ReliefF,logreg,strict,3,1410,157,10,40,0.2768707482993197,0.8,0.6462585034013606,0.40631540693970053,,,0.1,10.0
ReliefF,logreg,strict,4,1410,157,11,40,0.32907845579078454,0.6363636363636364,0.7054794520547946,0.40631540693970053,,,0.1,10.0
ReliefF,logreg,strict,5,1410,157,11,40,0.24844333748443337,0.8181818181818182,0.684931506849315,0.40631540693970053,,,0.1,10.0
ReliefF,logreg,strict,6,1410,157,11,40,0.32907845579078454,0.6363636363636364,0.7054794520547946,0.40631540693970053,,,0.1,10.0
ReliefF,logreg,strict,7,1410,157,11,40,0.4224782067247821,0.5454545454545454,0.6095890410958904,0.40631540693970053,,,0.1,10.0
ReliefF,logreg,strict,8,1411,156,10,40,0.43493150684931514,0.5,0.6301369863013698,0.40631540693970053,,,0.1,10.0
ReliefF,logreg,strict,9,1411,156,10,40,0.29863013698630136,0.8,0.6027397260273972,0.40631540693970053,,,0.1,10.0
ReliefF,logreg,strict,10,1411,156,10,40,0.20753424657534247,0.9,0.684931506849315,0.40631540693970053,,,0.1,10.0
ReliefF,logreg,with_missing_indicators,1,1410,157,10,40,0.1462585034013606,1.0,0.7074829931972789,0.4302311803184964,,,0.1,10.0
ReliefF,logreg,with_missing_indicators,2,1410,157,10,40,0.2438775510204081,0.9,0.6122448979591837,0.4302311803184964,,,0.1,10.0
ReliefF,logreg,with_missing_indicators,3,1410,157,10,40,0.22687074829931975,0.9,0.6462585034013606,0.4302311803184964,,,0.1,10.0
ReliefF,logreg,with_missing_indicators,4,1410,157,11,40,0.3711083437110835,0.5454545454545454,0.7123287671232876,0.4302311803184964,,,0.1,10.0
ReliefF,logreg,with_missing_indicators,5,1410,157,11,40,0.25529265255292644,0.8181818181818182,0.6712328767123288,0.4302311803184964,,,0.1,10.0
ReliefF,logreg,with_missing_indicators,6,1410,157,11,40,0.3119551681195517,0.6363636363636364,0.7397260273972602,0.4302311803184964,,,0.1,10.0
ReliefF,logreg,with_missing_indicators,7,1410,157,11,40,0.43275217932752175,0.5454545454545454,0.589041095890411,0.4302311803184964,,,0.1,10.0
ReliefF,logreg,with_missing_indicators,8,1411,156,10,40,0.4178082191780822,0.5,0.6643835616438356,0.4302311803184964,,,0.1,10.0
ReliefF,logreg,with_missing_indicators,9,1411,156,10,40,0.3815068493150685,0.6,0.636986301369863,0.4302311803184964,,,0.1,10.0
ReliefF,logreg,with_missing_indicators,10,1411,156,10,40,0.27671232876712337,0.7,0.7465753424657534,0.4302311803184964,,,0.1,10.0
Gram-Schmidt,logreg,strict,1,1410,157,10,40,0.3326530612244898,0.6,0.7346938775510204,0.48750382462932124,,,0.01,
Gram-Schmidt,logreg,strict,2,1410,157,10,40,0.2724489795918368,0.7,0.7551020408163265,0.48750382462932124,,,0.01,
Gram-Schmidt,logreg,strict,3,1410,157,10,40,0.27925170068027216,0.7,0.7414965986394558,0.48750382462932124,,,0.01,
Gram-Schmidt,logreg,strict,4,1410,157,11,40,0.32658779576587804,0.5454545454545454,0.8013698630136986,0.48750382462932124,,,0.01,
Gram-Schmidt,logreg,strict,5,1410,157,11,40,0.32316313823163134,0.5454545454545454,0.8082191780821918,0.48750382462932124,,,0.01,
Gram-Schmidt,logreg,strict,6,1410,157,11,40,0.39352428393524286,0.36363636363636365,0.8493150684931506,0.48750382462932124,,,0.01,
Gram-Schmidt,logreg,strict,7,1410,157,11,40,0.4097135740971357,0.45454545454545453,0.726027397260274,0.48750382462932124,,,0.01,
Gram-Schmidt,logreg,strict,8,1411,156,10,40,0.4595890410958904,0.3,0.7808219178082192,0.48750382462932124,,,0.01,
Gram-Schmidt,logreg,strict,9,1411,156,10,40,0.27671232876712337,0.7,0.7465753424657534,0.48750382462932124,,,0.01,
Gram-Schmidt,logreg,strict,10,1411,156,10,40,0.36986301369863006,0.5,0.7602739726027398,0.48750382462932124,,,0.01,
Gram-Schmidt,logreg,with_missing_indicators,1,1410,157,10,40,0.24149659863945572,1.0,0.5170068027210885,0.2728247391203303,,,0.1,
Gram-Schmidt,logreg,with_missing_indicators,2,1410,157,10,40,0.277891156462585,0.9,0.54421768707483,0.2728247391203303,,,0.1,
Gram-Schmidt,logreg,with_missing_indicators,3,1410,157,10,40,0.3482993197278912,0.8,0.5034013605442177,0.2728247391203303,,,0.1,
Gram-Schmidt,logreg,with_missing_indicators,4,1410,157,11,40,0.32814445828144456,0.7272727272727273,0.6164383561643836,0.2728247391203303,,,0.1,
Gram-Schmidt,logreg,with_missing_indicators,5,1410,157,11,40,0.30666251556662516,0.8181818181818182,0.5684931506849316,0.2728247391203303,,,0.1,
Gram-Schmidt,logreg,with_missing_indicators,6,1410,157,11,40,0.30666251556662516,0.8181818181818182,0.5684931506849316,0.2728247391203303,,,0.1,
Gram-Schmidt,logreg,with_missing_indicators,7,1410,157,11,40,0.42932752179327527,0.5454545454545454,0.5958904109589042,0.2728247391203303,,,0.1,
Gram-Schmidt,logreg,with_missing_indicators,8,1411,156,10,40,0.4123287671232877,0.6,0.5753424657534246,0.2728247391203303,,,0.1,
Gram-Schmidt,logreg,with_missing_indicators,9,1411,156,10,40,0.35,0.8,0.5,0.2728247391203303,,,0.1,
Gram-Schmidt,logreg,with_missing_indicators,10,1411,156,10,40,0.3863013698630138,0.7,0.5273972602739726,0.2728247391203303,,,0.1,
